{
    "lr": 0.00033943652833384134,
    "dropout": 0.04971188169029206,
    "weight_decay": 0.0,
    "d_layers": [
        128,
        256,
        256,
        256,
        256,
        256
    ]
}
