{
    "learning_rate": 0.0954894341049903,
    "depth": 3,
    "l2_leaf_reg": 4.357538731907785,
    "bagging_temperature": 0.35963979841273575,
    "leaf_estimation_iterations": 7,
    "iterations": 2000,
    "early_stopping_rounds": 50,
    "od_pval": 0.001,
    "task_type": "CPU",
    "thread_count": 4,
    "cat_features": [
        7,
        8,
        9,
        10,
        11
    ]
}
