{
    "lr": 0.4080024578965567,
    "n_layers": 0.28005463504248806,
    "steps": 0.19568953721552954,
    "num_samples": 0.03858776323291899,
    "num_timesteps": 0.029903178710053675,
    "d_first": 0.018688845930955416,
    "d_last": 0.017021106689698494,
    "batch_size": 0.012052475281799282
}
