{
    "num_timesteps": 0.2941176470588245,
    "lr": 0.2352941176470564,
    "num_samples": 0.2058823529411771,
    "n_layers": 0.11764705882352978,
    "d_first": 0.08823529411764733,
    "d_last": 0.058823529411764885,
    "steps": 0.0,
    "batch_size": 0.0
}
