{
    "num_timesteps": 0.2285714285714316,
    "num_samples": 0.2285714285714276,
    "d_last": 0.19999999999999918,
    "n_layers": 0.14285714285714224,
    "d_first": 0.14285714285714224,
    "lr": 0.057142857142857245,
    "steps": 0.0,
    "batch_size": 0.0
}
